"std_deviation","variance"
"1.6463932126350043","2.7106106106106106"
